intersect,slope
8499.506620123519,-0.021448078980853054
