intersect,slope
8498.66821272565,-0.02144010665152467
