theta0,theta1
8499.34488323134,-0.021446541041454756
